Transaction ID,Item,Quantity,Price Per Unit,Total Spent,Payment Method,Location,Transaction Date
TXN_1961373,Coffee,2.0,2.0,4.0,Credit Card,Takeaway,2023-09-08
TXN_4977031,Cake,4.0,3.0,12.0,Cash,In-Store,2023-05-16
TXN_7034554,Salad,2.0,5.0,10.0,Unknown,Unknown,2023-04-27
TXN_3160411,Coffee,2.0,2.0,4.0,Digital Wallet,In-Store,2023-06-11
TXN_2602893,Smoothie,5.0,4.0,20.0,Credit Card,Unknown,2023-03-31
TXN_4433211,,3.0,3.0,9.0,Unknown,Takeaway,2023-10-06
TXN_6699534,Sandwich,4.0,4.0,16.0,Cash,Unknown,2023-10-28
TXN_2064365,Sandwich,5.0,4.0,20.0,Unknown,In-Store,2023-12-31
TXN_2548360,Salad,5.0,5.0,25.0,Cash,Takeaway,2023-11-07
TXN_7619095,Sandwich,2.0,4.0,8.0,Cash,In-Store,2023-05-03
TXN_9437049,Cookie,5.0,1.0,5.0,Unknown,Takeaway,2023-06-01
TXN_8915701,,2.0,1.5,3.0,Unknown,In-Store,2023-03-21
TXN_2847255,Salad,3.0,5.0,15.0,Credit Card,In-Store,2023-11-15
TXN_3765707,Sandwich,1.0,4.0,4.0,Unknown,Unknown,2023-06-10
TXN_6769710,Juice,2.0,3.0,6.0,Cash,In-Store,2023-02-24
TXN_8876618,Cake,5.0,3.0,15.0,Cash,Unknown,2023-03-25
TXN_3709394,Juice,4.0,3.0,12.0,Cash,Takeaway,2023-01-15
TXN_3567645,Smoothie,4.0,4.0,16.0,Credit Card,Takeaway,2023-03-30
TXN_5132361,Sandwich,3.0,4.0,12.0,Digital Wallet,Takeaway,2023-12-01
TXN_2616390,Sandwich,2.0,4.0,8.0,Unknown,Unknown,2023-09-18
TXN_9400181,Sandwich,5.0,4.0,20.0,Cash,In-Store,2023-06-03
TXN_5183041,Cookie,5.0,1.0,5.0,Credit Card,In-Store,2023-04-20
TXN_5695074,Juice,4.0,3.0,12.0,Credit Card,Takeaway,2023-04-10
TXN_8467949,Smoothie,5.0,4.0,20.0,Credit Card,Unknown,2023-03-11
TXN_9677376,Smoothie,4.0,4.0,16.0,Unknown,In-Store,2023-08-15
TXN_8853997,Smoothie,2.0,4.0,8.0,Digital Wallet,Takeaway,2023-10-09
TXN_9130559,Sandwich,1.0,4.0,4.0,Credit Card,Unknown,2023-05-28
TXN_6855453,,4.0,3.0,12.0,Unknown,In-Store,2023-07-17
TXN_1080432,Salad,2.0,5.0,10.0,Credit Card,In-Store,2023-04-29
TXN_2655815,Smoothie,4.0,4.0,16.0,Unknown,Takeaway,2023-06-08
TXN_6688524,Coffee,4.0,2.0,8.0,Unknown,Unknown,2023-06-29
TXN_2083138,Smoothie,3.0,4.0,12.0,Unknown,In-Store,2023-04-17
TXN_2427584,Sandwich,4.0,4.0,16.0,Unknown,Takeaway,2023-12-22
TXN_9620080,Juice,4.0,3.0,12.0,Unknown,Takeaway,2023-10-02
TXN_1491578,Cookie,2.0,1.0,2.0,Unknown,Unknown,2023-02-23
TXN_5455792,Salad,3.0,5.0,15.0,Cash,Unknown,2023-03-22
TXN_8078640,Juice,4.0,3.0,12.0,Digital Wallet,In-Store,2023-11-03
TXN_9499313,Juice,5.0,3.0,15.0,Unknown,Unknown,2023-03-02
TXN_8201146,Juice,5.0,3.0,15.0,Cash,Unknown,2023-06-26
TXN_8230936,Cake,3.0,3.0,9.0,Unknown,Unknown,2023-05-02
TXN_7742742,Cake,5.0,3.0,15.0,Unknown,Takeaway,2023-09-05
TXN_6342161,Salad,5.0,5.0,25.0,Unknown,Takeaway,2023-01-08
TXN_8914892,,5.0,5.0,25.0,Digital Wallet,Unknown,2023-03-15
TXN_3363746,Smoothie,3.0,4.0,12.0,Credit Card,Unknown,2023-11-25
TXN_8614868,Smoothie,5.0,4.0,20.0,Digital Wallet,Takeaway,2023-12-05
TXN_6421134,Sandwich,4.0,4.0,16.0,Cash,Takeaway,2023-11-03
TXN_8813311,Juice,5.0,3.0,15.0,Unknown,In-Store,2023-10-07
TXN_9023317,Salad,1.0,5.0,5.0,Unknown,Unknown,2023-09-30
TXN_2537617,Sandwich,1.0,4.0,4.0,Cash,Unknown,2023-05-27
TXN_9099694,,3.0,5.0,15.0,Unknown,Takeaway,2023-11-18
TXN_9230615,Smoothie,4.0,4.0,16.0,Digital Wallet,Unknown,2023-06-01
TXN_3068204,Cookie,1.0,1.0,1.0,Credit Card,Takeaway,2023-10-03
TXN_8471743,,5.0,3.0,15.0,Digital Wallet,In-Store,2023-04-06
TXN_2621580,Tea,2.0,1.5,3.0,Cash,In-Store,2023-03-22
TXN_4726376,Cake,2.0,3.0,6.0,Credit Card,In-Store,2023-01-31
TXN_4238417,Salad,2.0,5.0,10.0,Unknown,Unknown,2023-06-19
TXN_1900620,Smoothie,2.0,4.0,8.0,Credit Card,Unknown,2023-12-14
TXN_6420335,Coffee,1.0,2.0,2.0,Cash,Takeaway,2023-07-16
TXN_3858209,Sandwich,4.0,4.0,16.0,Cash,Unknown,2023-02-22
TXN_8735480,Tea,5.0,1.5,7.5,Cash,Unknown,2023-06-02
TXN_3829165,Juice,4.0,3.0,12.0,Cash,In-Store,2023-06-15
TXN_3748616,Coffee,2.0,2.0,4.0,Credit Card,In-Store,2023-12-09
TXN_1993289,Sandwich,2.0,4.0,8.0,Unknown,In-Store,2023-04-18
TXN_2123367,Cookie,2.0,1.0,2.0,Unknown,Unknown,2023-11-07
TXN_5266394,Cake,3.0,3.0,9.0,Cash,In-Store,2023-10-28
TXN_5107946,Cake,4.0,3.0,12.0,Credit Card,Unknown,2023-12-22
TXN_8718498,Cake,5.0,3.0,15.0,Credit Card,Unknown,2023-04-30
TXN_3955361,Cookie,5.0,1.0,5.0,Unknown,Takeaway,2023-04-02
TXN_9487821,,1.0,5.0,5.0,Digital Wallet,Takeaway,2023-05-24
TXN_8976658,Tea,2.0,1.5,3.0,Credit Card,In-Store,2023-08-16
TXN_5455936,,5.0,3.0,15.0,Unknown,In-Store,2023-10-28
TXN_2725602,Juice,5.0,3.0,15.0,Credit Card,Unknown,2023-09-10
TXN_3011323,Coffee,3.0,2.0,6.0,Credit Card,Unknown,2023-03-07
TXN_8268061,Salad,3.0,5.0,15.0,Unknown,Takeaway,2023-08-20
TXN_5220895,Salad,5.0,5.0,25.0,Cash,In-Store,2023-06-10
TXN_3085509,Coffee,4.0,2.0,8.0,Digital Wallet,In-Store,2023-04-15
TXN_9999113,Juice,4.0,3.0,12.0,Cash,Takeaway,2023-05-27
TXN_8779771,Coffee,4.0,2.0,8.0,Cash,In-Store,2023-07-25
TXN_1621920,Salad,3.0,5.0,15.0,Unknown,Takeaway,2023-10-28
TXN_3808639,Juice,2.0,3.0,6.0,Digital Wallet,Takeaway,2023-12-15
TXN_6955416,Salad,4.0,5.0,20.0,Unknown,In-Store,2023-02-25
TXN_3775339,Cookie,3.0,1.0,3.0,Credit Card,Unknown,2023-04-03
TXN_9547091,Cookie,3.0,1.0,3.0,Credit Card,Unknown,2023-10-08
TXN_4358673,Cookie,5.0,1.0,5.0,Digital Wallet,Takeaway,2023-12-28
TXN_4174591,Tea,4.0,1.5,6.0,Digital Wallet,Unknown,2023-08-30
TXN_3398520,Sandwich,1.0,4.0,4.0,Unknown,In-Store,2023-02-03
TXN_6171384,Smoothie,2.0,4.0,8.0,Credit Card,Unknown,2023-09-12
TXN_2530938,Smoothie,5.0,4.0,20.0,Unknown,Takeaway,2023-04-27
TXN_3314971,Juice,3.0,3.0,9.0,Digital Wallet,Unknown,2023-05-04
TXN_3092382,Coffee,5.0,2.0,10.0,Digital Wallet,Unknown,2023-02-21
TXN_1535311,Juice,3.0,3.0,9.0,Cash,Unknown,2023-03-16
TXN_4368416,Salad,2.0,5.0,10.0,Credit Card,Takeaway,2023-02-24
TXN_9790731,Cake,2.0,3.0,6.0,Unknown,Unknown,2023-06-02
TXN_9339456,Coffee,3.0,2.0,6.0,Unknown,Takeaway,2023-03-29
TXN_5179020,Cake,2.0,3.0,6.0,Unknown,Takeaway,2023-06-18
TXN_6258471,Coffee,5.0,2.0,10.0,Digital Wallet,In-Store,2023-09-23
TXN_7945375,Juice,3.0,3.0,9.0,Unknown,Unknown,2023-01-14
TXN_4685453,Tea,4.0,1.5,6.0,Cash,In-Store,2023-09-14
TXN_9646452,Juice,5.0,3.0,15.0,Credit Card,Unknown,2023-09-16
TXN_9096052,Smoothie,4.0,4.0,16.0,Credit Card,Takeaway,2023-12-28
TXN_5916991,Juice,2.0,3.0,6.0,Digital Wallet,Takeaway,2023-02-06
TXN_3407169,Sandwich,2.0,4.0,8.0,Cash,In-Store,2023-03-11
TXN_2277042,Tea,1.0,1.5,1.5,Cash,Unknown,2023-04-08
TXN_9273729,Tea,1.0,1.5,1.5,Unknown,Unknown,2023-12-19
TXN_2181545,Juice,4.0,3.0,12.0,Credit Card,Takeaway,2023-07-14
TXN_1150033,Juice,5.0,3.0,15.0,Cash,In-Store,2023-04-18
TXN_1443912,Juice,2.0,3.0,6.0,Unknown,Unknown,2023-06-08
TXN_8700451,Tea,5.0,1.5,7.5,Credit Card,Takeaway,2023-12-12
TXN_6380550,Coffee,5.0,2.0,10.0,Cash,In-Store,2023-01-05
TXN_4885518,Salad,3.0,5.0,15.0,Credit Card,In-Store,2023-06-10
TXN_3972167,Sandwich,5.0,4.0,20.0,Unknown,In-Store,2023-01-23
TXN_4878378,Tea,1.0,1.5,1.5,Credit Card,Unknown,2023-02-20
TXN_2368126,Cake,5.0,3.0,15.0,Unknown,In-Store,2023-12-06
TXN_4811133,Salad,2.0,5.0,10.0,Cash,Unknown,2023-08-11
TXN_8729570,Tea,5.0,1.5,7.5,Unknown,In-Store,2023-09-03
TXN_3424331,Cake,4.0,3.0,12.0,Unknown,Unknown,2023-01-18
TXN_5072031,Cake,2.0,3.0,6.0,Cash,Takeaway,2023-03-23
TXN_8687151,Salad,5.0,5.0,25.0,Cash,Unknown,2023-06-10
TXN_5265095,Coffee,1.0,2.0,2.0,Unknown,Unknown,2023-06-23
TXN_4108138,Coffee,5.0,2.0,10.0,Cash,Unknown,2023-08-03
TXN_1909796,Smoothie,2.0,4.0,8.0,Unknown,Takeaway,2023-07-12
TXN_1928241,Coffee,3.0,2.0,6.0,Cash,In-Store,2023-04-30
TXN_4283157,Salad,5.0,5.0,25.0,Digital Wallet,In-Store,2023-11-25
TXN_8013032,Coffee,2.0,2.0,4.0,Credit Card,Unknown,2023-03-07
TXN_8301424,Juice,2.0,3.0,6.0,Unknown,Unknown,2023-06-27
TXN_1631695,Tea,2.0,1.5,3.0,Unknown,In-Store,2023-09-19
TXN_3226832,,5.0,4.0,20.0,Cash,Unknown,2023-09-04
TXN_1648671,Sandwich,3.0,4.0,12.0,Cash,Takeaway,2023-05-21
TXN_4062737,Cake,3.0,3.0,9.0,Cash,In-Store,2023-07-02
TXN_9249507,Cookie,4.0,1.0,4.0,Credit Card,In-Store,2023-11-21
TXN_4689500,Sandwich,4.0,4.0,16.0,Unknown,Unknown,2023-12-02
TXN_8316826,Coffee,3.0,2.0,6.0,Unknown,In-Store,2023-04-17
TXN_9836934,Cookie,3.0,1.0,3.0,Digital Wallet,In-Store,2023-03-13
TXN_8005489,Cake,3.0,3.0,9.0,Unknown,In-Store,2023-08-12
TXN_3925836,Cookie,3.0,1.0,3.0,Digital Wallet,In-Store,2023-02-16
TXN_3978874,Smoothie,5.0,4.0,20.0,Credit Card,In-Store,2023-03-13
TXN_8955912,Sandwich,1.0,4.0,4.0,Unknown,Unknown,2023-11-07
TXN_1136554,Smoothie,3.0,4.0,12.0,Unknown,Takeaway,2023-03-26
TXN_8007337,Cake,2.0,3.0,6.0,Digital Wallet,Takeaway,2023-11-01
TXN_8129834,Salad,1.0,5.0,5.0,Cash,Unknown,2023-07-22
TXN_3831848,,1.0,4.0,4.0,Digital Wallet,Takeaway,2023-11-03
TXN_5365809,Cake,3.0,3.0,9.0,Cash,In-Store,2023-09-14
TXN_6629480,Smoothie,5.0,4.0,20.0,Credit Card,In-Store,2023-02-28
TXN_3833797,Coffee,4.0,2.0,8.0,Unknown,In-Store,2023-01-27
TXN_2996519,Cake,5.0,3.0,15.0,Cash,Unknown,2023-01-19
TXN_8810894,Smoothie,1.0,4.0,4.0,Unknown,Unknown,2023-02-20
TXN_7412722,Juice,4.0,3.0,12.0,Cash,In-Store,2023-04-07
TXN_3937509,Smoothie,2.0,4.0,8.0,Unknown,In-Store,2023-03-20
TXN_6000201,Cookie,3.0,1.0,3.0,Cash,Takeaway,2023-02-16
TXN_1714274,Cookie,4.0,1.0,4.0,Unknown,In-Store,2023-12-27
TXN_6311602,Juice,3.0,3.0,9.0,Credit Card,Unknown,2023-05-15
TXN_2950680,Coffee,2.0,2.0,4.0,Credit Card,Takeaway,2023-12-10
TXN_6749847,Cake,2.0,3.0,6.0,Credit Card,Unknown,2023-08-15
TXN_2143187,Smoothie,1.0,4.0,4.0,Unknown,In-Store,2023-04-21
TXN_4088917,Coffee,3.0,2.0,6.0,Cash,Takeaway,2023-02-04
TXN_3779366,Cookie,1.0,1.0,1.0,Digital Wallet,In-Store,2023-04-15
TXN_7724048,Smoothie,1.0,4.0,4.0,Unknown,In-Store,2023-11-12
TXN_2698591,Tea,5.0,1.5,7.5,Unknown,Unknown,2023-08-05
TXN_3171373,Smoothie,3.0,4.0,12.0,Credit Card,In-Store,2023-05-10
TXN_6498163,Smoothie,5.0,4.0,20.0,Unknown,In-Store,2023-07-15
TXN_6717827,,3.0,5.0,15.0,Digital Wallet,Unknown,2023-11-15
TXN_3857960,Salad,4.0,5.0,20.0,Cash,In-Store,2023-04-26
TXN_3499124,,4.0,4.0,16.0,Credit Card,Unknown,2023-08-25
TXN_9250710,Salad,1.0,5.0,5.0,Cash,In-Store,2023-05-28
TXN_7058377,Juice,1.0,3.0,3.0,Unknown,Takeaway,2023-04-30
TXN_6766492,Salad,1.0,5.0,5.0,Unknown,Unknown,2023-01-14
TXN_9879996,Coffee,4.0,2.0,8.0,Digital Wallet,In-Store,2023-03-01
TXN_4291940,Cake,3.0,3.0,9.0,Credit Card,In-Store,2023-11-13
TXN_7433461,Cookie,2.0,1.0,2.0,Digital Wallet,Unknown,2023-07-09
TXN_4068262,Salad,2.0,5.0,10.0,Credit Card,Unknown,2023-05-13
TXN_5047447,Salad,1.0,5.0,5.0,Digital Wallet,Takeaway,2023-12-27
TXN_6623508,Cookie,5.0,1.0,5.0,Digital Wallet,Takeaway,2023-05-18
TXN_2651216,,3.0,4.0,12.0,Unknown,Unknown,2023-04-04
TXN_8377564,Cake,5.0,3.0,15.0,Unknown,In-Store,2023-07-14
TXN_7031118,Salad,1.0,5.0,5.0,Credit Card,Unknown,2023-03-29
TXN_2230167,Cake,4.0,3.0,12.0,Digital Wallet,Takeaway,2023-09-22
TXN_6446616,Tea,3.0,1.5,4.5,Unknown,Unknown,2023-09-30
TXN_1721827,Cake,4.0,3.0,12.0,Digital Wallet,Unknown,2023-08-22
TXN_6334895,Smoothie,1.0,4.0,4.0,Credit Card,Unknown,2023-07-27
TXN_7077119,,1.0,4.0,4.0,Digital Wallet,In-Store,2023-12-30
TXN_4700144,Coffee,4.0,2.0,8.0,Unknown,In-Store,2023-12-21
TXN_8570890,Juice,4.0,3.0,12.0,Unknown,Unknown,2023-04-14
TXN_3205009,,2.0,1.5,3.0,Cash,In-Store,2023-01-03
TXN_3786188,Tea,3.0,1.5,4.5,Credit Card,In-Store,2023-10-20
TXN_4530804,Coffee,4.0,2.0,8.0,Unknown,Unknown,2023-01-12
TXN_9642066,Sandwich,3.0,4.0,12.0,Credit Card,In-Store,2023-08-31
TXN_7328294,Juice,2.0,3.0,6.0,Cash,Unknown,2023-07-07
TXN_5415901,Cake,2.0,3.0,6.0,Digital Wallet,Unknown,2023-10-21
TXN_6714420,,2.0,3.0,6.0,Credit Card,Takeaway,2023-03-30
TXN_6616971,Juice,2.0,3.0,6.0,Digital Wallet,Takeaway,2023-09-02
TXN_7803615,Salad,3.0,5.0,15.0,Cash,In-Store,2023-12-13
TXN_1583597,Salad,1.0,5.0,5.0,Cash,In-Store,2023-05-10
TXN_8472308,Cookie,2.0,1.0,2.0,Digital Wallet,Takeaway,2023-08-19
TXN_1967565,Smoothie,5.0,4.0,20.0,Credit Card,Takeaway,2023-03-31
TXN_2029497,Sandwich,2.0,4.0,8.0,Cash,Takeaway,2023-01-06
TXN_8929774,,3.0,3.0,9.0,Cash,Unknown,2023-10-02
TXN_7852990,Sandwich,5.0,4.0,20.0,Digital Wallet,Takeaway,2023-07-10
TXN_2534066,Salad,2.0,5.0,10.0,Cash,Unknown,2023-10-13
TXN_2059647,Tea,1.0,1.5,1.5,Digital Wallet,In-Store,2023-05-29
TXN_2485183,Smoothie,5.0,4.0,20.0,Cash,In-Store,2023-07-07
TXN_7374846,Sandwich,1.0,4.0,4.0,Credit Card,Unknown,2023-05-29
TXN_9401522,Sandwich,4.0,4.0,16.0,Digital Wallet,In-Store,2023-11-16
TXN_8250651,Sandwich,4.0,4.0,16.0,Digital Wallet,In-Store,2023-03-13
TXN_7191245,Cake,4.0,3.0,12.0,Unknown,Takeaway,2023-05-22
TXN_8982764,Cake,5.0,3.0,15.0,Digital Wallet,Takeaway,2023-11-23
TXN_1153869,Smoothie,5.0,4.0,20.0,Credit Card,Takeaway,2023-11-03
TXN_5043774,Sandwich,3.0,4.0,12.0,Cash,Unknown,2023-06-08
TXN_1746320,Salad,1.0,5.0,5.0,Cash,Unknown,2023-11-14
TXN_1077129,Cookie,1.0,1.0,1.0,Unknown,In-Store,2023-09-12
TXN_5616583,Smoothie,1.0,4.0,4.0,Unknown,Unknown,2023-10-13
TXN_2078474,Cookie,2.0,1.0,2.0,Unknown,Takeaway,2023-11-03
TXN_2130245,Smoothie,5.0,4.0,20.0,Credit Card,Unknown,2023-11-13
TXN_9076216,Cake,1.0,3.0,3.0,Cash,Unknown,2023-12-17
TXN_9913877,,2.0,2.0,4.0,Credit Card,Unknown,2023-05-09
TXN_2084377,Smoothie,1.0,4.0,4.0,Credit Card,Unknown,2023-10-22
TXN_1842675,,4.0,1.0,4.0,Credit Card,Takeaway,2023-06-23
TXN_8605813,Cookie,1.0,1.0,1.0,Unknown,Unknown,2023-06-30
TXN_9755352,Sandwich,5.0,4.0,20.0,Unknown,In-Store,2023-05-13
TXN_6953697,,3.0,4.0,12.0,Unknown,Takeaway,2023-05-27
TXN_7557340,Tea,5.0,1.5,7.5,Credit Card,In-Store,2023-12-11
TXN_1157817,Smoothie,1.0,4.0,4.0,Digital Wallet,In-Store,2023-04-25
TXN_2020318,Tea,3.0,1.5,4.5,Digital Wallet,In-Store,2023-10-12
TXN_8692094,Coffee,5.0,2.0,10.0,Unknown,Takeaway,2023-08-30
TXN_9703120,Coffee,3.0,2.0,6.0,Credit Card,Unknown,2023-11-02
TXN_1289133,Juice,1.0,3.0,3.0,Cash,Unknown,2023-09-19
TXN_2031459,Cake,3.0,3.0,9.0,Cash,Takeaway,2023-07-04
TXN_1333682,Smoothie,1.0,4.0,4.0,Digital Wallet,Unknown,2023-01-28
TXN_4912930,Smoothie,3.0,4.0,12.0,Credit Card,In-Store,2023-02-26
TXN_4942692,Coffee,2.0,2.0,4.0,Unknown,Takeaway,2023-01-15
TXN_3723007,Tea,3.0,1.5,4.5,Digital Wallet,In-Store,2023-05-18
TXN_7922392,Sandwich,3.0,4.0,12.0,Unknown,Unknown,2023-05-03
TXN_7498727,Salad,3.0,5.0,15.0,Cash,Unknown,2023-11-06
TXN_1222338,Cookie,1.0,1.0,1.0,Unknown,In-Store,2023-10-11
TXN_6878866,Smoothie,3.0,4.0,12.0,Credit Card,Unknown,2023-02-25
TXN_9223242,Smoothie,2.0,4.0,8.0,Unknown,Unknown,2023-09-10
TXN_6244211,Smoothie,2.0,4.0,8.0,Unknown,Unknown,2023-08-11
TXN_4612864,Tea,3.0,1.5,4.5,Unknown,Unknown,2023-02-14
TXN_3047598,Cookie,1.0,1.0,1.0,Unknown,Unknown,2023-09-06
TXN_7496926,Sandwich,3.0,4.0,12.0,Unknown,In-Store,2023-04-23
TXN_7559388,Salad,4.0,5.0,20.0,Digital Wallet,Takeaway,2023-02-26
TXN_8540499,Cookie,3.0,1.0,3.0,Cash,In-Store,2023-01-22
TXN_4225756,Cookie,3.0,1.0,3.0,Unknown,In-Store,2023-03-10
TXN_6795640,Cookie,4.0,1.0,4.0,Digital Wallet,Takeaway,2023-01-28
TXN_6702428,Coffee,5.0,2.0,10.0,Cash,Takeaway,2023-08-11
TXN_8955259,,2.0,4.0,8.0,Credit Card,Unknown,2023-11-18
TXN_4639319,Coffee,5.0,2.0,10.0,Cash,Unknown,2023-01-09
TXN_5997803,Coffee,5.0,2.0,10.0,Unknown,In-Store,2023-12-03
TXN_1340956,,4.0,2.0,8.0,Unknown,Unknown,2023-10-26
TXN_8319993,Juice,1.0,3.0,3.0,Digital Wallet,Unknown,2023-08-06
TXN_5523450,Salad,5.0,5.0,25.0,Credit Card,Takeaway,2023-07-02
TXN_7838964,Sandwich,3.0,4.0,12.0,Credit Card,In-Store,2023-06-15
TXN_2773987,Smoothie,5.0,4.0,20.0,Unknown,Unknown,2023-01-11
TXN_8685737,Smoothie,2.0,4.0,8.0,Unknown,In-Store,2023-11-02
TXN_1524626,Smoothie,2.0,4.0,8.0,Digital Wallet,Unknown,2023-12-29
TXN_7275407,Smoothie,2.0,4.0,8.0,Digital Wallet,In-Store,2023-10-20
TXN_2889622,Juice,4.0,3.0,12.0,Credit Card,Unknown,2023-11-01
TXN_9472241,Salad,3.0,5.0,15.0,Cash,Takeaway,2023-06-30
TXN_4473352,Cake,1.0,3.0,3.0,Unknown,In-Store,2023-11-16
TXN_2814363,Tea,2.0,1.5,3.0,Unknown,Unknown,2023-07-02
TXN_1846004,Juice,3.0,3.0,9.0,Cash,In-Store,2023-05-21
TXN_7140471,Cake,1.0,3.0,3.0,Credit Card,Unknown,2023-05-25
TXN_3119542,Smoothie,1.0,4.0,4.0,Credit Card,Unknown,2023-10-31
TXN_7773968,Sandwich,5.0,4.0,20.0,Digital Wallet,Takeaway,2023-02-24
TXN_9081088,Tea,2.0,1.5,3.0,Cash,Takeaway,2023-02-27
TXN_1130191,Smoothie,2.0,4.0,8.0,Cash,In-Store,2023-04-06
TXN_5215451,Sandwich,5.0,4.0,20.0,Digital Wallet,Unknown,2023-11-02
TXN_1040764,Coffee,3.0,2.0,6.0,Cash,Takeaway,2023-07-27
TXN_5457133,Juice,5.0,3.0,15.0,Unknown,In-Store,2023-03-03
TXN_2100697,Coffee,3.0,2.0,6.0,Digital Wallet,Takeaway,2023-09-19
TXN_7676968,Smoothie,4.0,4.0,16.0,Unknown,In-Store,2023-02-21
TXN_5726998,Cake,3.0,3.0,9.0,Credit Card,Unknown,2023-08-12
TXN_4134594,Sandwich,3.0,4.0,12.0,Digital Wallet,In-Store,2023-09-27
TXN_5079340,Cookie,4.0,1.0,4.0,Cash,In-Store,2023-08-18
TXN_1380601,Tea,4.0,1.5,6.0,Digital Wallet,In-Store,2023-03-11
TXN_3959152,Juice,1.0,3.0,3.0,Unknown,In-Store,2023-05-21
TXN_7776739,Tea,2.0,1.5,3.0,Unknown,Takeaway,2023-02-23
TXN_7569615,,2.0,3.0,6.0,Cash,Takeaway,2023-06-07
TXN_8703771,Cake,5.0,3.0,15.0,Unknown,In-Store,2023-05-12
TXN_2052395,Smoothie,3.0,4.0,12.0,Credit Card,In-Store,2023-07-06
TXN_9065402,,1.0,5.0,5.0,Cash,Takeaway,2023-12-22
TXN_2635532,,4.0,4.0,16.0,Cash,Takeaway,2023-01-14
TXN_8256593,Salad,2.0,5.0,10.0,Digital Wallet,Takeaway,2023-08-09
TXN_9271457,Cake,3.0,3.0,9.0,Digital Wallet,In-Store,2023-02-27
TXN_5392603,Coffee,1.0,2.0,2.0,Cash,In-Store,2023-05-14
TXN_9263299,Cookie,2.0,1.0,2.0,Credit Card,Takeaway,2023-10-08
TXN_2301505,Cake,5.0,3.0,15.0,Digital Wallet,Unknown,2023-03-21
TXN_5895177,Cake,5.0,3.0,15.0,Unknown,Unknown,2023-08-16
TXN_8147357,Tea,5.0,1.5,7.5,Unknown,Takeaway,2023-04-20
TXN_1436343,Cookie,1.0,1.0,1.0,Credit Card,In-Store,2023-11-26
TXN_2214698,Salad,4.0,5.0,20.0,Credit Card,Unknown,2023-10-10
TXN_7480234,Salad,1.0,5.0,5.0,Cash,Takeaway,2023-05-10
TXN_3283097,,5.0,2.0,10.0,Cash,Takeaway,2023-02-28
TXN_2633602,,2.0,3.0,6.0,Digital Wallet,In-Store,2023-02-02
TXN_4010658,Tea,5.0,1.5,7.5,Unknown,Unknown,2023-09-26
TXN_1454467,Juice,3.0,3.0,9.0,Cash,In-Store,2023-03-15
TXN_2598728,Cake,2.0,3.0,6.0,Credit Card,Unknown,2023-01-13
TXN_3390285,Tea,2.0,1.5,3.0,Unknown,Takeaway,2023-02-06
TXN_8224079,Cookie,5.0,1.0,5.0,Cash,In-Store,2023-10-16
TXN_1916339,Cake,1.0,3.0,3.0,Cash,In-Store,2023-07-15
TXN_8611035,Sandwich,5.0,4.0,20.0,Digital Wallet,In-Store,2023-05-28
TXN_3595735,Tea,4.0,1.5,6.0,Digital Wallet,Takeaway,2023-03-26
TXN_4884822,Cookie,1.0,1.0,1.0,Credit Card,Unknown,2023-04-23
TXN_3668051,Cake,1.0,3.0,3.0,Unknown,Unknown,2023-11-17
TXN_6169633,Salad,4.0,5.0,20.0,Credit Card,Takeaway,2023-12-20
TXN_3884811,Coffee,4.0,2.0,8.0,Credit Card,Unknown,2023-06-10
TXN_7050740,,1.0,3.0,3.0,Cash,Takeaway,2023-07-12
TXN_4518102,Tea,5.0,1.5,7.5,Credit Card,In-Store,2023-02-08
TXN_7809183,,4.0,1.0,4.0,Digital Wallet,Takeaway,2023-09-08
TXN_6071202,,1.0,1.0,1.0,Cash,In-Store,2023-06-07
TXN_8158496,Tea,4.0,1.5,6.0,Cash,Unknown,2023-06-19
TXN_3666858,Cake,4.0,3.0,12.0,Credit Card,In-Store,2023-12-27
TXN_5499915,Cookie,2.0,1.0,2.0,Digital Wallet,Takeaway,2023-02-01
TXN_1564754,Salad,3.0,5.0,15.0,Digital Wallet,In-Store,2023-03-14
TXN_1824506,Cake,1.0,3.0,3.0,Cash,In-Store,2023-03-02
TXN_3677592,Sandwich,2.0,4.0,8.0,Cash,Unknown,2023-05-29
TXN_1002457,Cookie,5.0,1.0,5.0,Digital Wallet,Takeaway,2023-09-29
TXN_8056263,Smoothie,5.0,4.0,20.0,Unknown,In-Store,2023-04-20
TXN_4732351,Sandwich,1.0,4.0,4.0,Digital Wallet,In-Store,2023-04-22
TXN_8049191,Cake,3.0,3.0,9.0,Credit Card,Unknown,2023-07-31
TXN_4980036,Cake,2.0,3.0,6.0,Cash,Takeaway,2023-01-05
TXN_3022839,Coffee,5.0,2.0,10.0,Digital Wallet,Takeaway,2023-08-25
TXN_7701070,Coffee,5.0,2.0,10.0,Credit Card,Takeaway,2023-07-28
TXN_8048037,Sandwich,2.0,4.0,8.0,Digital Wallet,Takeaway,2023-03-31
TXN_4444463,Cake,4.0,3.0,12.0,Unknown,Unknown,2023-05-16
TXN_1887522,Sandwich,4.0,4.0,16.0,Cash,In-Store,2023-02-20
TXN_6908953,Tea,1.0,1.5,1.5,Unknown,In-Store,2023-12-08
TXN_4759769,Sandwich,1.0,4.0,4.0,Unknown,In-Store,2023-08-03
TXN_2254479,Tea,2.0,1.5,3.0,Unknown,Takeaway,2023-08-03
TXN_7555408,Salad,2.0,5.0,10.0,Unknown,In-Store,2023-06-06
TXN_6857943,Cake,5.0,3.0,15.0,Unknown,Takeaway,2023-01-08
TXN_9552845,Sandwich,3.0,4.0,12.0,Cash,Unknown,2023-02-18
TXN_6769465,Juice,5.0,3.0,15.0,Digital Wallet,In-Store,2023-06-13
TXN_3656762,Sandwich,2.0,4.0,8.0,Unknown,Takeaway,2023-07-31
TXN_4980282,Cake,1.0,3.0,3.0,Digital Wallet,In-Store,2023-10-22
TXN_2508476,Smoothie,5.0,4.0,20.0,Cash,Unknown,2023-04-14
TXN_8209125,Cookie,3.0,1.0,3.0,Credit Card,Takeaway,2023-01-30
TXN_1751164,Salad,2.0,5.0,10.0,Cash,Unknown,2023-09-11
TXN_3730415,Cake,4.0,3.0,12.0,Credit Card,Takeaway,2023-04-09
TXN_4134253,Tea,4.0,1.5,6.0,Cash,In-Store,2023-10-07
TXN_3256497,Coffee,2.0,2.0,4.0,Cash,Unknown,2023-08-20
TXN_3219175,Sandwich,5.0,4.0,20.0,Unknown,Unknown,2023-02-23
TXN_7919440,Tea,4.0,1.5,6.0,Cash,Unknown,2023-08-19
TXN_7558641,Coffee,1.0,2.0,2.0,Digital Wallet,In-Store,2023-12-22
TXN_9940220,Juice,2.0,3.0,6.0,Unknown,Takeaway,2023-03-05
TXN_2130483,Tea,4.0,1.5,6.0,Cash,Unknown,2023-11-25
TXN_1972584,Sandwich,5.0,4.0,20.0,Digital Wallet,Unknown,2023-07-10
TXN_2980008,Cake,3.0,3.0,9.0,Digital Wallet,Unknown,2023-11-17
TXN_7292548,Cookie,4.0,1.0,4.0,Digital Wallet,Unknown,2023-03-24
TXN_2169664,Smoothie,1.0,4.0,4.0,Cash,Unknown,2023-07-23
TXN_3234877,Coffee,4.0,2.0,8.0,Cash,Takeaway,2023-07-29
TXN_6368719,Cake,4.0,3.0,12.0,Credit Card,Takeaway,2023-01-03
TXN_8852585,Sandwich,4.0,4.0,16.0,Credit Card,Takeaway,2023-01-05
TXN_9201010,Salad,1.0,5.0,5.0,Credit Card,Takeaway,2023-03-15
TXN_2873990,Sandwich,2.0,4.0,8.0,Unknown,Unknown,2023-03-12
TXN_3088796,Sandwich,4.0,4.0,16.0,Credit Card,Unknown,2023-08-16
TXN_3414935,Coffee,4.0,2.0,8.0,Unknown,In-Store,2023-08-03
TXN_3607652,Salad,4.0,5.0,20.0,Digital Wallet,In-Store,2023-06-05
TXN_8502094,Juice,5.0,3.0,15.0,Credit Card,In-Store,2023-03-21
TXN_9068244,Sandwich,5.0,4.0,20.0,Digital Wallet,Takeaway,2023-10-19
TXN_2696664,Cookie,5.0,1.0,5.0,Unknown,In-Store,2023-01-07
TXN_7661609,,1.0,3.0,3.0,Unknown,In-Store,2023-11-29
TXN_7633490,Cookie,1.0,1.0,1.0,Cash,Takeaway,2023-10-27
TXN_9292230,Tea,4.0,1.5,6.0,Credit Card,In-Store,2023-07-14
TXN_1664665,,3.0,3.0,9.0,Credit Card,In-Store,2023-05-21
TXN_5081978,Cake,1.0,3.0,3.0,Unknown,In-Store,2023-10-19
TXN_7314409,Smoothie,5.0,4.0,20.0,Credit Card,Unknown,2023-08-06
TXN_8006668,Tea,4.0,1.5,6.0,Credit Card,In-Store,2023-12-22
TXN_4369043,Juice,2.0,3.0,6.0,Cash,Unknown,2023-03-25
TXN_3560062,Cookie,1.0,1.0,1.0,Cash,In-Store,2023-03-20
TXN_4769307,Tea,5.0,1.5,7.5,Digital Wallet,Unknown,2023-12-24
TXN_7270652,Sandwich,1.0,4.0,4.0,Unknown,Takeaway,2023-05-14
TXN_4991815,Cake,5.0,3.0,15.0,Cash,Unknown,2023-11-06
TXN_6360132,Sandwich,4.0,4.0,16.0,Cash,Takeaway,2023-09-16
TXN_8199829,Cake,2.0,3.0,6.0,Credit Card,Unknown,2023-07-29
TXN_9166449,,4.0,1.0,4.0,Unknown,Takeaway,2023-07-31
TXN_7864939,Sandwich,3.0,4.0,12.0,Digital Wallet,In-Store,2023-08-19
TXN_2640701,Salad,3.0,5.0,15.0,Unknown,Takeaway,2023-05-07
TXN_3740963,Salad,2.0,5.0,10.0,Digital Wallet,Takeaway,2023-01-22
TXN_8101633,Sandwich,2.0,4.0,8.0,Unknown,In-Store,2023-08-10
TXN_6063966,Juice,2.0,3.0,6.0,Digital Wallet,Takeaway,2023-10-24
TXN_3779640,Tea,1.0,1.5,1.5,Digital Wallet,In-Store,2023-05-16
TXN_8278833,Cake,3.0,3.0,9.0,Unknown,Unknown,2023-02-26
TXN_8778598,Sandwich,3.0,4.0,12.0,Cash,Unknown,2023-09-02
TXN_7550103,Cake,5.0,3.0,15.0,Unknown,Takeaway,2023-01-19
TXN_3664656,Cookie,5.0,1.0,5.0,Unknown,Takeaway,2023-08-13
TXN_7296560,Juice,2.0,3.0,6.0,Unknown,Unknown,2023-10-20
TXN_8136881,Salad,3.0,5.0,15.0,Cash,In-Store,2023-08-28
TXN_3981449,Smoothie,2.0,4.0,8.0,Cash,In-Store,2023-06-21
TXN_2641386,Sandwich,3.0,4.0,12.0,Unknown,Takeaway,2023-03-25
TXN_4033802,Tea,3.0,1.5,4.5,Cash,Takeaway,2023-03-02
TXN_7752124,,3.0,4.0,12.0,Credit Card,Unknown,2023-12-09
TXN_4183823,Sandwich,4.0,4.0,16.0,Credit Card,Unknown,2023-03-28
TXN_2239041,,4.0,1.5,6.0,Unknown,In-Store,2023-10-24
TXN_4696439,Cookie,1.0,1.0,1.0,Cash,In-Store,2023-05-27
TXN_8826983,Smoothie,5.0,4.0,20.0,Cash,In-Store,2023-01-14
TXN_8267034,Juice,2.0,3.0,6.0,Unknown,Takeaway,2023-06-20
TXN_1959334,Coffee,3.0,2.0,6.0,Unknown,Unknown,2023-06-29
TXN_6842808,Tea,2.0,1.5,3.0,Unknown,Unknown,2023-10-22
TXN_2947822,Cake,4.0,3.0,12.0,Digital Wallet,In-Store,2023-10-27
TXN_2148838,Sandwich,2.0,4.0,8.0,Credit Card,Unknown,2023-08-05
TXN_1330506,Cookie,3.0,1.0,3.0,Digital Wallet,Unknown,2023-11-10
TXN_8957369,Salad,4.0,5.0,20.0,Digital Wallet,Unknown,2023-10-18
TXN_9340653,Smoothie,1.0,4.0,4.0,Digital Wallet,Unknown,2023-10-19
TXN_2493446,Sandwich,1.0,4.0,4.0,Cash,Takeaway,2023-05-19
TXN_4538354,Juice,3.0,3.0,9.0,Cash,Takeaway,2023-04-21
TXN_7098730,Cake,2.0,3.0,6.0,Digital Wallet,Unknown,2023-11-10
TXN_2690314,Tea,5.0,1.5,7.5,Cash,In-Store,2023-08-10
TXN_8171171,Coffee,1.0,2.0,2.0,Unknown,Takeaway,2023-05-13
TXN_2968827,Salad,5.0,5.0,25.0,Digital Wallet,Takeaway,2023-09-14
TXN_4546375,,1.0,5.0,5.0,Credit Card,Unknown,2023-02-20
TXN_1387401,Cookie,4.0,1.0,4.0,Cash,In-Store,2023-10-19
TXN_6727029,Tea,2.0,1.5,3.0,Unknown,Takeaway,2023-07-07
TXN_3917193,Juice,5.0,3.0,15.0,Credit Card,Takeaway,2023-11-17
TXN_8518516,Sandwich,4.0,4.0,16.0,Unknown,Unknown,2023-08-16
TXN_2062854,Sandwich,4.0,4.0,16.0,Digital Wallet,Takeaway,2023-12-01
TXN_5624860,Tea,3.0,1.5,4.5,Credit Card,Takeaway,2023-08-22
TXN_6669417,Salad,5.0,5.0,25.0,Unknown,Takeaway,2023-01-03
TXN_7837381,Sandwich,5.0,4.0,20.0,Unknown,Takeaway,2023-07-17
TXN_1725926,Juice,5.0,3.0,15.0,Credit Card,Unknown,2023-12-23
TXN_3403173,Salad,1.0,5.0,5.0,Unknown,Unknown,2023-06-24
TXN_4059912,,3.0,4.0,12.0,Unknown,Unknown,2023-04-21
TXN_3381656,Cake,5.0,3.0,15.0,Cash,Takeaway,2023-10-26
TXN_9956154,Cake,4.0,3.0,12.0,Unknown,In-Store,2023-05-11
TXN_7110444,,4.0,5.0,20.0,Cash,Unknown,2023-12-07
TXN_6250692,Sandwich,1.0,4.0,4.0,Unknown,Unknown,2023-09-01
TXN_1183995,Salad,5.0,5.0,25.0,Digital Wallet,Takeaway,2023-03-28
TXN_9452225,Tea,1.0,1.5,1.5,Unknown,In-Store,2023-02-26
TXN_9113574,Coffee,4.0,2.0,8.0,Unknown,In-Store,2023-01-04
TXN_5813015,Cookie,5.0,1.0,5.0,Digital Wallet,Unknown,2023-10-07
TXN_3213035,Smoothie,4.0,4.0,16.0,Unknown,In-Store,2023-05-21
TXN_7578769,Sandwich,5.0,4.0,20.0,Digital Wallet,Takeaway,2023-01-30
TXN_3515664,Coffee,2.0,2.0,4.0,Cash,Takeaway,2023-09-25
TXN_6209258,Juice,1.0,3.0,3.0,Credit Card,Unknown,2023-03-06
TXN_8594004,Cookie,4.0,1.0,4.0,Credit Card,Unknown,2023-02-25
TXN_6422433,Sandwich,5.0,4.0,20.0,Digital Wallet,Takeaway,2023-05-09
TXN_5547519,Salad,4.0,5.0,20.0,Unknown,In-Store,2023-05-13
TXN_2392263,Salad,5.0,5.0,25.0,Unknown,Takeaway,2023-02-08
TXN_4669664,Cookie,1.0,1.0,1.0,Digital Wallet,In-Store,2023-12-21
TXN_9470612,Cake,3.0,3.0,9.0,Unknown,Takeaway,2023-04-30
TXN_8320245,Tea,3.0,1.5,4.5,Unknown,Takeaway,2023-04-09
TXN_5904646,Smoothie,1.0,4.0,4.0,Unknown,Unknown,2023-03-26
TXN_4498526,Smoothie,3.0,4.0,12.0,Credit Card,Unknown,2023-06-20
TXN_5209585,Tea,2.0,1.5,3.0,Unknown,Takeaway,2023-08-12
TXN_2213556,Coffee,1.0,2.0,2.0,Cash,In-Store,2023-05-30
TXN_3826038,Salad,1.0,5.0,5.0,Cash,Takeaway,2023-10-20
TXN_7596587,Tea,3.0,1.5,4.5,Credit Card,Unknown,2023-02-08
TXN_7380277,Sandwich,4.0,4.0,16.0,Digital Wallet,Takeaway,2023-04-24
TXN_1353479,Smoothie,4.0,4.0,16.0,Cash,Unknown,2023-09-20
TXN_6054137,Juice,3.0,3.0,9.0,Unknown,In-Store,2023-05-09
TXN_9266394,Cookie,2.0,1.0,2.0,Credit Card,In-Store,2023-07-12
TXN_5448157,,3.0,1.0,3.0,Credit Card,Unknown,2023-01-11
TXN_6152588,Coffee,3.0,2.0,6.0,Cash,Takeaway,2023-11-21
TXN_6569656,,5.0,1.0,5.0,Cash,Unknown,2023-02-28
TXN_2156206,Smoothie,2.0,4.0,8.0,Unknown,Unknown,2023-02-04
TXN_5739806,Smoothie,3.0,4.0,12.0,Credit Card,In-Store,2023-09-18
TXN_9228978,Coffee,5.0,2.0,10.0,Digital Wallet,In-Store,2023-02-09
TXN_5897205,Cookie,1.0,1.0,1.0,Unknown,In-Store,2023-06-10
TXN_1556652,Cake,5.0,3.0,15.0,Digital Wallet,Unknown,2023-04-06
TXN_8608765,Salad,4.0,5.0,20.0,Credit Card,Unknown,2023-09-02
TXN_7353972,,4.0,3.0,12.0,Cash,In-Store,2023-02-02
TXN_1124753,Salad,4.0,5.0,20.0,Digital Wallet,In-Store,2023-10-19
TXN_9410981,Cookie,2.0,1.0,2.0,Unknown,Takeaway,2023-02-07
TXN_7611120,Juice,2.0,3.0,6.0,Cash,Takeaway,2023-03-30
TXN_2106959,Sandwich,5.0,4.0,20.0,Digital Wallet,Unknown,2023-09-05
TXN_2237115,Coffee,1.0,2.0,2.0,Unknown,Takeaway,2023-01-13
TXN_6836137,Cake,4.0,3.0,12.0,Unknown,In-Store,2023-08-30
TXN_6316959,Tea,2.0,1.5,3.0,Cash,In-Store,2023-11-10
TXN_2265984,Cookie,5.0,1.0,5.0,Credit Card,Takeaway,2023-10-18
TXN_9564123,Cake,4.0,3.0,12.0,Credit Card,Unknown,2023-03-23
TXN_1123138,Salad,1.0,5.0,5.0,Cash,In-Store,2023-02-10
TXN_9212503,Salad,2.0,5.0,10.0,Digital Wallet,Takeaway,2023-10-08
TXN_2806243,Salad,4.0,5.0,20.0,Digital Wallet,Takeaway,2023-01-14
TXN_9759896,Tea,4.0,1.5,6.0,Unknown,Unknown,2023-12-02
TXN_7560807,Salad,2.0,5.0,10.0,Credit Card,Unknown,2023-04-16
TXN_3286932,Cookie,1.0,1.0,1.0,Digital Wallet,Takeaway,2023-07-11
TXN_3481470,Salad,4.0,5.0,20.0,Credit Card,In-Store,2023-12-24
TXN_3469469,Cookie,1.0,1.0,1.0,Digital Wallet,In-Store,2023-10-25
TXN_2681833,,3.0,1.0,3.0,Digital Wallet,In-Store,2023-10-05
TXN_3179966,Tea,2.0,1.5,3.0,Digital Wallet,Unknown,2023-05-27
TXN_3629351,Cake,1.0,3.0,3.0,Digital Wallet,Unknown,2023-07-21
TXN_3142836,Cake,2.0,3.0,6.0,Cash,Unknown,2023-11-01
TXN_4998786,Cake,5.0,3.0,15.0,Credit Card,Takeaway,2023-10-25
TXN_6904590,Coffee,4.0,2.0,8.0,Credit Card,Unknown,2023-02-19
TXN_2126408,Cookie,3.0,1.0,3.0,Cash,Takeaway,2023-10-19
TXN_8664315,Salad,2.0,5.0,10.0,Cash,Unknown,2023-08-14
TXN_8958593,Juice,5.0,3.0,15.0,Digital Wallet,In-Store,2023-07-08
TXN_2383598,Sandwich,2.0,4.0,8.0,Digital Wallet,In-Store,2023-09-19
TXN_2211685,Smoothie,1.0,4.0,4.0,Credit Card,In-Store,2023-06-06
TXN_1503602,Tea,5.0,1.5,7.5,Digital Wallet,Unknown,2023-12-16
TXN_8716752,Juice,1.0,3.0,3.0,Unknown,In-Store,2023-12-05
TXN_5933480,Sandwich,3.0,4.0,12.0,Digital Wallet,In-Store,2023-09-04
TXN_4364091,Smoothie,1.0,4.0,4.0,Unknown,Takeaway,2023-04-14
TXN_6721531,Tea,4.0,1.5,6.0,Unknown,In-Store,2023-03-06
TXN_5447508,Sandwich,3.0,4.0,12.0,Digital Wallet,Takeaway,2023-06-28
TXN_5686113,Sandwich,5.0,4.0,20.0,Digital Wallet,In-Store,2023-09-09
TXN_9239779,Salad,1.0,5.0,5.0,Cash,Unknown,2023-01-09
TXN_9265319,Salad,3.0,5.0,15.0,Cash,Unknown,2023-11-15
TXN_9265313,Cake,3.0,3.0,9.0,Unknown,In-Store,2023-10-01
TXN_3397609,Smoothie,2.0,4.0,8.0,Digital Wallet,In-Store,2023-07-22
TXN_9347203,Sandwich,5.0,4.0,20.0,Cash,In-Store,2023-04-15
TXN_2132186,Salad,1.0,5.0,5.0,Credit Card,Unknown,2023-02-01
TXN_3383926,Cake,3.0,3.0,9.0,Cash,Takeaway,2023-07-08
TXN_6905718,Salad,5.0,5.0,25.0,Credit Card,In-Store,2023-02-20
TXN_3130548,Cookie,4.0,1.0,4.0,Unknown,Takeaway,2023-08-21
TXN_7993951,Tea,2.0,1.5,3.0,Digital Wallet,Takeaway,2023-12-14
TXN_4876440,Cookie,3.0,1.0,3.0,Unknown,Takeaway,2023-07-01
TXN_9323513,Cake,3.0,3.0,9.0,Unknown,Takeaway,2023-05-04
TXN_9097641,Cake,4.0,3.0,12.0,Cash,Takeaway,2023-12-16
TXN_1775884,Juice,4.0,3.0,12.0,Cash,Unknown,2023-10-08
TXN_8536115,Cake,1.0,3.0,3.0,Credit Card,Takeaway,2023-07-11
TXN_8032010,Tea,1.0,1.5,1.5,Cash,Unknown,2023-06-14
TXN_2915281,Cookie,1.0,1.0,1.0,Digital Wallet,In-Store,2023-07-01
TXN_3468006,Smoothie,3.0,4.0,12.0,Credit Card,Takeaway,2023-07-28
TXN_7604541,Juice,4.0,3.0,12.0,Credit Card,In-Store,2023-04-16
TXN_9238689,Cake,1.0,3.0,3.0,Digital Wallet,In-Store,2023-03-09
TXN_2601689,Salad,4.0,5.0,20.0,Digital Wallet,Takeaway,2023-01-14
TXN_6428182,Cake,5.0,3.0,15.0,Cash,In-Store,2023-11-10
TXN_6830557,Coffee,3.0,2.0,6.0,Digital Wallet,Takeaway,2023-11-08
TXN_6371264,Smoothie,5.0,4.0,20.0,Cash,Takeaway,2023-02-27
TXN_4663299,,4.0,4.0,16.0,Digital Wallet,In-Store,2023-12-26
TXN_9236713,Cookie,5.0,1.0,5.0,Cash,In-Store,2023-09-13
TXN_4690833,Cake,1.0,3.0,3.0,Cash,Takeaway,2023-05-23
TXN_7946489,Juice,1.0,3.0,3.0,Cash,Takeaway,2023-09-11
TXN_8661288,Salad,2.0,5.0,10.0,Digital Wallet,Takeaway,2023-01-27
TXN_7187207,Coffee,5.0,2.0,10.0,Cash,Unknown,2023-02-18
TXN_2866147,Juice,2.0,3.0,6.0,Unknown,Takeaway,2023-08-28
TXN_5637677,,2.0,3.0,6.0,Digital Wallet,Takeaway,2023-08-24
TXN_7444541,Salad,2.0,5.0,10.0,Cash,Unknown,2023-11-29
TXN_6046604,Cookie,5.0,1.0,5.0,Credit Card,Unknown,2023-06-29
TXN_6111710,Salad,3.0,5.0,15.0,Credit Card,In-Store,2023-06-18
TXN_1773873,Salad,5.0,5.0,25.0,Credit Card,Takeaway,2023-06-10
TXN_7688650,Tea,2.0,1.5,3.0,Unknown,Unknown,2023-10-26
TXN_4570711,Sandwich,4.0,4.0,16.0,Credit Card,In-Store,2023-12-11
TXN_5242469,Coffee,4.0,2.0,8.0,Credit Card,Takeaway,2023-04-01
TXN_8938144,Coffee,2.0,2.0,4.0,Credit Card,Unknown,2023-01-27
TXN_1655100,Cake,4.0,3.0,12.0,Credit Card,Takeaway,2023-12-20
TXN_1526864,Smoothie,3.0,4.0,12.0,Digital Wallet,In-Store,2023-01-27
TXN_1279428,Salad,1.0,5.0,5.0,Digital Wallet,Unknown,2023-03-02
TXN_9866728,Juice,1.0,3.0,3.0,Cash,In-Store,2023-10-26
TXN_1706201,Coffee,3.0,2.0,6.0,Credit Card,In-Store,2023-08-23
TXN_2498488,Smoothie,2.0,4.0,8.0,Digital Wallet,Takeaway,2023-12-06
TXN_5387067,Salad,3.0,5.0,15.0,Credit Card,Unknown,2023-06-11
TXN_4431179,Sandwich,3.0,4.0,12.0,Digital Wallet,Takeaway,2023-08-13
TXN_5051924,Tea,5.0,1.5,7.5,Unknown,Unknown,2023-05-23
TXN_9033890,Salad,1.0,5.0,5.0,Unknown,Takeaway,2023-08-05
TXN_1777959,Tea,5.0,1.5,7.5,Unknown,Takeaway,2023-10-18
TXN_3574059,Cake,1.0,3.0,3.0,Unknown,Unknown,2023-01-18
TXN_2108894,Sandwich,4.0,4.0,16.0,Credit Card,In-Store,2023-10-30
TXN_6347472,Tea,1.0,1.5,1.5,Digital Wallet,In-Store,2023-03-22
TXN_8699110,Salad,3.0,5.0,15.0,Unknown,Takeaway,2023-10-11
TXN_7188412,Sandwich,1.0,4.0,4.0,Unknown,Takeaway,2023-08-08
TXN_6178152,,5.0,1.5,7.5,Unknown,Unknown,2023-12-26
TXN_8345723,Sandwich,1.0,4.0,4.0,Digital Wallet,Takeaway,2023-08-27
TXN_4476634,Tea,2.0,1.5,3.0,Credit Card,Unknown,2023-06-16
TXN_2178964,Tea,4.0,1.5,6.0,Cash,Takeaway,2023-12-25
TXN_7889745,Sandwich,4.0,4.0,16.0,Unknown,Unknown,2023-01-25
TXN_7020671,Coffee,1.0,2.0,2.0,Unknown,Unknown,2023-09-01
TXN_6581437,Coffee,5.0,2.0,10.0,Digital Wallet,Takeaway,2023-10-23
TXN_1347965,Cookie,5.0,1.0,5.0,Unknown,In-Store,2023-02-19
TXN_6128621,Salad,3.0,5.0,15.0,Digital Wallet,In-Store,2023-11-10
TXN_5758199,Coffee,4.0,2.0,8.0,Credit Card,Unknown,2023-06-11
TXN_3145041,Tea,5.0,1.5,7.5,Unknown,Unknown,2023-09-23
TXN_9960577,Sandwich,1.0,4.0,4.0,Cash,Unknown,2023-06-24
TXN_4512118,Coffee,2.0,2.0,4.0,Digital Wallet,Takeaway,2023-04-20
TXN_8114990,Juice,1.0,3.0,3.0,Unknown,Unknown,2023-02-27
TXN_4961655,Juice,5.0,3.0,15.0,Cash,Takeaway,2023-05-06
TXN_5595352,Juice,1.0,3.0,3.0,Cash,In-Store,2023-02-20
TXN_2070818,Smoothie,5.0,4.0,20.0,Unknown,Takeaway,2023-06-05
TXN_1869814,Tea,1.0,1.5,1.5,Digital Wallet,Takeaway,2023-05-24
TXN_8296518,,2.0,4.0,8.0,Credit Card,In-Store,2023-02-08
TXN_6910915,Tea,4.0,1.5,6.0,Digital Wallet,Takeaway,2023-05-06
TXN_3183527,Coffee,3.0,2.0,6.0,Digital Wallet,Unknown,2023-10-26
TXN_2611960,Sandwich,3.0,4.0,12.0,Credit Card,Unknown,2023-09-11
TXN_7923140,Coffee,2.0,2.0,4.0,Digital Wallet,Unknown,2023-04-02
TXN_5229169,Juice,2.0,3.0,6.0,Credit Card,Takeaway,2023-09-08
TXN_1018880,Smoothie,5.0,4.0,20.0,Digital Wallet,Unknown,2023-07-15
TXN_9409728,Tea,2.0,1.5,3.0,Unknown,In-Store,2023-03-06
TXN_5576265,Smoothie,4.0,4.0,16.0,Credit Card,Takeaway,2023-04-08
TXN_5098938,Tea,5.0,1.5,7.5,Unknown,Unknown,2023-05-06
TXN_6119823,Tea,2.0,1.5,3.0,Unknown,Takeaway,2023-06-13
TXN_5408625,Cookie,5.0,1.0,5.0,Cash,Unknown,2023-08-14
TXN_5969754,Tea,4.0,1.5,6.0,Unknown,Takeaway,2023-01-29
TXN_5740553,Salad,5.0,5.0,25.0,Unknown,In-Store,2023-08-29
TXN_2392934,,2.0,2.0,4.0,Unknown,In-Store,2023-11-25
TXN_1046394,Smoothie,1.0,4.0,4.0,Cash,In-Store,2023-04-29
TXN_2269396,Coffee,3.0,2.0,6.0,Digital Wallet,In-Store,2023-10-26
TXN_9263967,Cookie,3.0,1.0,3.0,Credit Card,In-Store,2023-09-14
TXN_6540946,Juice,4.0,3.0,12.0,Digital Wallet,Unknown,2023-10-08
TXN_2914088,Salad,5.0,5.0,25.0,Cash,In-Store,2023-03-22
TXN_6571898,Juice,3.0,3.0,9.0,Digital Wallet,Takeaway,2023-02-02
TXN_4498370,Smoothie,4.0,4.0,16.0,Unknown,Unknown,2023-07-24
TXN_2108486,Juice,4.0,3.0,12.0,Digital Wallet,Takeaway,2023-12-28
TXN_5228270,Juice,3.0,3.0,9.0,Unknown,Takeaway,2023-04-12
TXN_4387303,Cookie,1.0,1.0,1.0,Unknown,Unknown,2023-06-27
TXN_9587884,Tea,2.0,1.5,3.0,Unknown,Unknown,2023-01-05
TXN_4625910,Juice,1.0,3.0,3.0,Unknown,Unknown,2023-01-17
TXN_8250731,Cookie,2.0,1.0,2.0,Cash,Unknown,2023-08-24
TXN_3605929,Smoothie,2.0,4.0,8.0,Credit Card,Unknown,2023-04-26
TXN_5315441,Smoothie,5.0,4.0,20.0,Digital Wallet,In-Store,2023-10-31
TXN_9196322,Cookie,4.0,1.0,4.0,Digital Wallet,In-Store,2023-08-12
TXN_4009547,Juice,4.0,3.0,12.0,Credit Card,Unknown,2023-05-13
TXN_5931292,,2.0,4.0,8.0,Credit Card,In-Store,2023-12-18
TXN_2109416,Sandwich,1.0,4.0,4.0,Unknown,In-Store,2023-09-21
TXN_8776606,,4.0,5.0,20.0,Digital Wallet,Takeaway,2023-07-24
TXN_1063366,Juice,3.0,3.0,9.0,Unknown,Unknown,2023-03-20
TXN_7838465,Sandwich,3.0,4.0,12.0,Credit Card,Takeaway,2023-06-15
TXN_2447261,Cookie,3.0,1.0,3.0,Credit Card,Takeaway,2023-10-15
TXN_6609947,,3.0,3.0,9.0,Digital Wallet,In-Store,2023-05-29
TXN_1460963,Coffee,3.0,2.0,6.0,Cash,In-Store,2023-02-10
TXN_1713128,Smoothie,3.0,4.0,12.0,Credit Card,Unknown,2023-05-01
TXN_4501168,,1.0,1.5,1.5,Unknown,In-Store,2023-06-28
TXN_2840323,Tea,4.0,1.5,6.0,Credit Card,Unknown,2023-05-07
TXN_6691767,Salad,2.0,5.0,10.0,Cash,Takeaway,2023-02-05
TXN_7280191,Coffee,3.0,2.0,6.0,Unknown,Takeaway,2023-08-23
TXN_6932070,Tea,4.0,1.5,6.0,Credit Card,In-Store,2023-06-10
TXN_2815335,Juice,5.0,3.0,15.0,Cash,Unknown,2023-03-30
TXN_4916272,Tea,3.0,1.5,4.5,Unknown,Unknown,2023-03-03
TXN_5489408,Cookie,1.0,1.0,1.0,Unknown,In-Store,2023-05-02
TXN_4640977,Cookie,3.0,1.0,3.0,Credit Card,In-Store,2023-02-11
TXN_8563346,,3.0,2.0,6.0,Credit Card,Unknown,2023-10-24
TXN_7896721,Cake,3.0,3.0,9.0,Credit Card,Takeaway,2023-04-22
TXN_8973563,Coffee,1.0,2.0,2.0,Unknown,Unknown,2023-10-08
TXN_4827371,Salad,2.0,5.0,10.0,Unknown,Takeaway,2023-06-20
TXN_1559313,Smoothie,2.0,4.0,8.0,Credit Card,Unknown,2023-12-02
TXN_7906197,Sandwich,5.0,4.0,20.0,Credit Card,In-Store,2023-01-02
TXN_9103318,Sandwich,2.0,4.0,8.0,Unknown,Unknown,2023-11-13
TXN_8066743,Tea,3.0,1.5,4.5,Cash,Takeaway,2023-11-13
TXN_9840274,Sandwich,5.0,4.0,20.0,Unknown,Takeaway,2023-02-25
TXN_4912458,Cake,4.0,3.0,12.0,Unknown,Takeaway,2023-06-12
TXN_7982985,Cookie,1.0,1.0,1.0,Credit Card,Unknown,2023-01-27
TXN_2855581,Coffee,4.0,2.0,8.0,Credit Card,Unknown,2023-10-23
TXN_7585348,Cake,3.0,3.0,9.0,Credit Card,Takeaway,2023-03-16
TXN_4005014,Sandwich,1.0,4.0,4.0,Digital Wallet,Takeaway,2023-07-10
TXN_4478185,Cake,2.0,3.0,6.0,Cash,In-Store,2023-08-25
TXN_3461209,Juice,4.0,3.0,12.0,Credit Card,In-Store,2023-04-26
TXN_9498325,Salad,1.0,5.0,5.0,Unknown,Unknown,2023-04-04
TXN_1026827,Cookie,4.0,1.0,4.0,Digital Wallet,In-Store,2023-01-02
TXN_7269513,Salad,3.0,5.0,15.0,Cash,Unknown,2023-05-12
TXN_5134545,Tea,5.0,1.5,7.5,Digital Wallet,Unknown,2023-10-17
TXN_7997144,Juice,4.0,3.0,12.0,Credit Card,Unknown,2023-02-25
TXN_4339682,Salad,5.0,5.0,25.0,Unknown,In-Store,2023-03-04
TXN_3363831,Juice,3.0,3.0,9.0,Digital Wallet,Unknown,2023-05-10
TXN_5369555,Juice,4.0,3.0,12.0,Cash,Takeaway,2023-02-24
TXN_6208034,Cake,1.0,3.0,3.0,Digital Wallet,Unknown,2023-08-29
TXN_8187656,Tea,4.0,1.5,6.0,Credit Card,Takeaway,2023-05-01
TXN_6463415,Coffee,3.0,2.0,6.0,Digital Wallet,In-Store,2023-04-12
TXN_1461895,Juice,5.0,3.0,15.0,Unknown,Unknown,2023-06-17
TXN_3197752,Smoothie,2.0,4.0,8.0,Unknown,Unknown,2023-03-10
TXN_3112175,Coffee,4.0,2.0,8.0,Cash,Unknown,2023-03-16
TXN_6439579,Tea,5.0,1.5,7.5,Credit Card,Unknown,2023-03-23
TXN_4944121,,2.0,2.0,4.0,Unknown,Unknown,2023-05-29
TXN_5590805,Cake,1.0,3.0,3.0,Unknown,Takeaway,2023-01-25
TXN_4634772,Juice,3.0,3.0,9.0,Credit Card,In-Store,2023-01-12
TXN_3519066,Cake,1.0,3.0,3.0,Unknown,Takeaway,2023-11-08
TXN_8034156,Sandwich,1.0,4.0,4.0,Cash,In-Store,2023-07-22
TXN_2163229,Cookie,4.0,1.0,4.0,Cash,Takeaway,2023-12-21
TXN_1343750,Cookie,2.0,1.0,2.0,Digital Wallet,Takeaway,2023-02-15
TXN_6387964,Tea,5.0,1.5,7.5,Digital Wallet,Unknown,2023-08-07
TXN_2743397,Cake,2.0,3.0,6.0,Digital Wallet,Unknown,2023-10-03
TXN_8022689,Tea,1.0,1.5,1.5,Cash,Takeaway,2023-06-15
TXN_3547825,Cookie,3.0,1.0,3.0,Unknown,Takeaway,2023-09-04
TXN_9101792,Coffee,5.0,2.0,10.0,Cash,Unknown,2023-06-13
TXN_8503406,Smoothie,2.0,4.0,8.0,Digital Wallet,Unknown,2023-02-15
TXN_1992966,Smoothie,5.0,4.0,20.0,Unknown,In-Store,2023-08-09
TXN_5648512,,4.0,3.0,12.0,Unknown,Takeaway,2023-01-30
TXN_8689416,Juice,5.0,3.0,15.0,Unknown,Unknown,2023-03-19
TXN_1964555,Smoothie,2.0,4.0,8.0,Digital Wallet,Unknown,2023-04-11
TXN_1794862,Cake,2.0,3.0,6.0,Cash,Unknown,2023-07-16
TXN_2416816,Smoothie,5.0,4.0,20.0,Digital Wallet,In-Store,2023-10-19
TXN_8005682,Coffee,2.0,2.0,4.0,Credit Card,Unknown,2023-03-16
TXN_1778707,Salad,5.0,5.0,25.0,Credit Card,Takeaway,2023-03-26
TXN_9959813,Sandwich,4.0,4.0,16.0,Digital Wallet,Unknown,2023-09-05
TXN_7913451,Sandwich,5.0,4.0,20.0,Credit Card,Unknown,2023-12-05
TXN_1901729,Cake,2.0,3.0,6.0,Unknown,Takeaway,2023-03-18
TXN_2098878,Juice,2.0,3.0,6.0,Unknown,Takeaway,2023-08-19
TXN_9536472,Juice,5.0,3.0,15.0,Unknown,Unknown,2023-11-12
TXN_6696913,Cake,4.0,3.0,12.0,Unknown,Unknown,2023-10-22
TXN_8888153,Coffee,5.0,2.0,10.0,Unknown,Unknown,2023-12-16
TXN_3790025,,1.0,4.0,4.0,Cash,Unknown,2023-10-07
TXN_5661147,Cake,1.0,3.0,3.0,Unknown,Takeaway,2023-11-06
TXN_3746260,Smoothie,5.0,4.0,20.0,Digital Wallet,Takeaway,2023-08-26
TXN_7805035,Smoothie,3.0,4.0,12.0,Unknown,In-Store,2023-05-18
TXN_2058243,Smoothie,5.0,4.0,20.0,Unknown,Takeaway,2023-03-19
TXN_5710748,Salad,1.0,5.0,5.0,Unknown,Unknown,2023-10-31
TXN_3725837,Coffee,5.0,2.0,10.0,Cash,In-Store,2023-10-22
TXN_4594922,Salad,2.0,5.0,10.0,Credit Card,Takeaway,2023-06-19
TXN_5163686,Salad,5.0,5.0,25.0,Credit Card,In-Store,2023-05-29
TXN_5445318,Cookie,1.0,1.0,1.0,Digital Wallet,Unknown,2023-02-16
TXN_2391446,Sandwich,3.0,4.0,12.0,Unknown,In-Store,2023-12-06
TXN_2826603,Salad,2.0,5.0,10.0,Digital Wallet,Takeaway,2023-06-22
TXN_3489940,,3.0,1.0,3.0,Credit Card,Unknown,2023-12-15
TXN_2526667,,3.0,3.0,9.0,Digital Wallet,In-Store,2023-06-10
TXN_3760598,Cake,3.0,3.0,9.0,Digital Wallet,In-Store,2023-10-24
TXN_7679707,Tea,1.0,1.5,1.5,Credit Card,In-Store,2023-07-22
TXN_3831364,Tea,1.0,1.5,1.5,Digital Wallet,Unknown,2023-03-03
TXN_5007619,Cake,5.0,3.0,15.0,Credit Card,In-Store,2023-07-05
TXN_5124870,Tea,1.0,1.5,1.5,Digital Wallet,Unknown,2023-08-11
TXN_8229546,Smoothie,2.0,4.0,8.0,Cash,Unknown,2023-10-16
TXN_3173923,Cookie,2.0,1.0,2.0,Digital Wallet,Unknown,2023-06-29
TXN_8460786,Coffee,1.0,2.0,2.0,Cash,Unknown,2023-05-17
TXN_7078232,,5.0,3.0,15.0,Digital Wallet,Takeaway,2023-11-21
TXN_9625287,Juice,2.0,3.0,6.0,Cash,In-Store,2023-07-08
TXN_4779440,Cookie,1.0,1.0,1.0,Unknown,Unknown,2023-07-12
TXN_7337979,Coffee,1.0,2.0,2.0,Digital Wallet,In-Store,2023-05-27
TXN_1713098,Smoothie,4.0,4.0,16.0,Unknown,Unknown,2023-11-22
TXN_5325729,Coffee,5.0,2.0,10.0,Digital Wallet,Unknown,2023-05-04
TXN_5630457,Smoothie,1.0,4.0,4.0,Credit Card,Takeaway,2023-03-01
TXN_4167859,Coffee,5.0,2.0,10.0,Unknown,Takeaway,2023-08-17
TXN_4487966,Juice,3.0,3.0,9.0,Cash,In-Store,2023-08-10
TXN_1122140,Sandwich,4.0,4.0,16.0,Cash,Unknown,2023-06-19
TXN_7484682,Juice,1.0,3.0,3.0,Cash,Unknown,2023-12-28
TXN_5182042,Sandwich,4.0,4.0,16.0,Unknown,Takeaway,2023-02-25
TXN_4040989,Sandwich,1.0,4.0,4.0,Unknown,Unknown,2023-03-02
TXN_2190793,,4.0,1.0,4.0,Credit Card,Takeaway,2023-07-29
TXN_3663712,Tea,4.0,1.5,6.0,Digital Wallet,Takeaway,2023-09-22
TXN_9140598,Juice,1.0,3.0,3.0,Digital Wallet,Takeaway,2023-07-10
TXN_5601300,Coffee,2.0,2.0,4.0,Digital Wallet,Unknown,2023-02-24
TXN_9904662,Smoothie,1.0,4.0,4.0,Unknown,In-Store,2023-11-19
TXN_3696194,Salad,2.0,5.0,10.0,Credit Card,In-Store,2023-11-27
TXN_2964638,Salad,2.0,5.0,10.0,Digital Wallet,In-Store,2023-09-28
TXN_8336656,Salad,5.0,5.0,25.0,Cash,Takeaway,2023-12-02
TXN_6287890,Tea,5.0,1.5,7.5,Credit Card,Takeaway,2023-02-07
TXN_4712887,Tea,5.0,1.5,7.5,Credit Card,Unknown,2023-01-04
TXN_4336892,Cookie,2.0,1.0,2.0,Unknown,In-Store,2023-06-04
TXN_2492058,Smoothie,5.0,4.0,20.0,Cash,Unknown,2023-09-22
TXN_3439712,Juice,4.0,3.0,12.0,Unknown,In-Store,2023-04-04
TXN_5350401,Sandwich,2.0,4.0,8.0,Digital Wallet,In-Store,2023-10-28
TXN_8514689,Juice,5.0,3.0,15.0,Unknown,Unknown,2023-04-15
TXN_1866028,Tea,5.0,1.5,7.5,Credit Card,Takeaway,2023-06-12
TXN_8379141,Salad,1.0,5.0,5.0,Unknown,In-Store,2023-10-01
TXN_9152264,Cake,1.0,3.0,3.0,Digital Wallet,Takeaway,2023-03-15
TXN_2287941,,1.0,1.0,1.0,Unknown,Unknown,2023-09-22
TXN_3794585,Sandwich,1.0,4.0,4.0,Credit Card,In-Store,2023-02-10
TXN_9890874,Sandwich,5.0,4.0,20.0,Cash,In-Store,2023-09-02
TXN_3945716,Tea,2.0,1.5,3.0,Unknown,Unknown,2023-09-17
TXN_6024625,Coffee,5.0,2.0,10.0,Digital Wallet,Takeaway,2023-09-13
TXN_7470910,Salad,2.0,5.0,10.0,Cash,In-Store,2023-11-22
TXN_1116119,Smoothie,4.0,4.0,16.0,Digital Wallet,In-Store,2023-08-07
TXN_3471223,Coffee,1.0,2.0,2.0,Digital Wallet,In-Store,2023-10-08
TXN_4491072,Smoothie,4.0,4.0,16.0,Credit Card,Unknown,2023-12-03
TXN_2053993,Tea,2.0,1.5,3.0,Unknown,Takeaway,2023-09-21
TXN_1646009,,4.0,5.0,20.0,Credit Card,Unknown,2023-10-11
TXN_5021925,Tea,4.0,1.5,6.0,Cash,In-Store,2023-05-07
TXN_1104849,,4.0,4.0,16.0,Digital Wallet,Takeaway,2023-07-05
TXN_7764154,Salad,2.0,5.0,10.0,Credit Card,Takeaway,2023-12-09
TXN_2178735,Juice,3.0,3.0,9.0,Credit Card,Takeaway,2023-07-24
TXN_4125165,Coffee,5.0,2.0,10.0,Cash,Unknown,2023-04-16
TXN_5014959,Cookie,2.0,1.0,2.0,Credit Card,In-Store,2023-11-28
TXN_8811565,Juice,5.0,3.0,15.0,Credit Card,Unknown,2023-10-01
TXN_9868382,Coffee,2.0,2.0,4.0,Digital Wallet,Unknown,2023-06-02
TXN_2924611,Juice,3.0,3.0,9.0,Cash,Unknown,2023-04-19
TXN_5348445,Salad,5.0,5.0,25.0,Digital Wallet,In-Store,2023-11-15
TXN_8920751,Tea,2.0,1.5,3.0,Unknown,Unknown,2023-04-20
TXN_7215985,Tea,4.0,1.5,6.0,Credit Card,In-Store,2023-08-07
TXN_7448296,Cookie,1.0,1.0,1.0,Credit Card,In-Store,2023-11-15
TXN_2625324,Coffee,1.0,2.0,2.0,Unknown,Unknown,2023-09-02
TXN_3542902,Smoothie,1.0,4.0,4.0,Unknown,In-Store,2023-06-10
TXN_1494608,Tea,3.0,1.5,4.5,Credit Card,In-Store,2023-05-07
TXN_7615147,Sandwich,4.0,4.0,16.0,Cash,In-Store,2023-05-19
TXN_3426892,Salad,4.0,5.0,20.0,Credit Card,Unknown,2023-05-23
TXN_5892508,Smoothie,1.0,4.0,4.0,Credit Card,Takeaway,2023-03-21
TXN_5546684,Coffee,1.0,2.0,2.0,Credit Card,In-Store,2023-10-02
TXN_5373527,Sandwich,2.0,4.0,8.0,Unknown,Unknown,2023-06-26
TXN_6402128,Sandwich,4.0,4.0,16.0,Digital Wallet,In-Store,2023-11-09
TXN_5009706,Sandwich,2.0,4.0,8.0,Digital Wallet,In-Store,2023-09-20
TXN_7223120,Juice,1.0,3.0,3.0,Unknown,Unknown,2023-03-13
TXN_3380698,Coffee,3.0,2.0,6.0,Credit Card,Takeaway,2023-12-15
TXN_1148945,Coffee,1.0,2.0,2.0,Unknown,Unknown,2023-09-05
TXN_2078577,Tea,4.0,1.5,6.0,Credit Card,Unknown,2023-01-31
TXN_4007285,Sandwich,5.0,4.0,20.0,Digital Wallet,Unknown,2023-01-16
TXN_2336708,,2.0,3.0,6.0,Cash,In-Store,2023-06-16
TXN_1512118,Salad,4.0,5.0,20.0,Cash,In-Store,2023-03-01
TXN_6077816,Cake,3.0,3.0,9.0,Credit Card,Unknown,2023-09-26
TXN_5136936,Cake,3.0,3.0,9.0,Cash,Unknown,2023-08-24
TXN_5654490,Tea,4.0,1.5,6.0,Credit Card,Unknown,2023-05-22
TXN_4033888,Sandwich,2.0,4.0,8.0,Cash,In-Store,2023-02-04
TXN_4591512,Tea,2.0,1.5,3.0,Unknown,Unknown,2023-08-11
TXN_6886495,Cookie,4.0,1.0,4.0,Cash,Unknown,2023-08-07
TXN_2153529,Cookie,1.0,1.0,1.0,Credit Card,Unknown,2023-09-11
TXN_7880148,Cake,3.0,3.0,9.0,Credit Card,Takeaway,2023-12-12
TXN_3688181,Cake,1.0,3.0,3.0,Unknown,Takeaway,2023-08-23
TXN_2482129,Juice,1.0,3.0,3.0,Cash,Unknown,2023-12-12
TXN_4187420,Cake,3.0,3.0,9.0,Digital Wallet,In-Store,2023-01-31
TXN_4146452,Smoothie,1.0,4.0,4.0,Unknown,Takeaway,2023-05-31
TXN_9553579,Cake,2.0,3.0,6.0,Credit Card,In-Store,2023-10-03
TXN_3854285,Salad,3.0,5.0,15.0,Cash,Takeaway,2023-07-18
TXN_5614488,Sandwich,1.0,4.0,4.0,Credit Card,Takeaway,2023-07-22
TXN_6187083,Cake,5.0,3.0,15.0,Unknown,In-Store,2023-06-02
TXN_1521486,Salad,4.0,5.0,20.0,Unknown,Unknown,2023-01-28
TXN_6868182,,5.0,4.0,20.0,Credit Card,Unknown,2023-01-02
TXN_6035534,Salad,4.0,5.0,20.0,Credit Card,In-Store,2023-12-18
TXN_7670743,Salad,4.0,5.0,20.0,Unknown,In-Store,2023-04-28
TXN_7201724,Salad,1.0,5.0,5.0,Cash,Takeaway,2023-03-20
TXN_6113876,Cake,3.0,3.0,9.0,Cash,In-Store,2023-03-01
TXN_6007079,,2.0,1.0,2.0,Credit Card,In-Store,2023-10-09
TXN_3163383,Tea,2.0,1.5,3.0,Unknown,In-Store,2023-10-24
TXN_1413304,,5.0,5.0,25.0,Unknown,Takeaway,2023-03-17
TXN_7894514,Cake,1.0,3.0,3.0,Unknown,Unknown,2023-09-25
TXN_6450138,Cake,1.0,3.0,3.0,Credit Card,Takeaway,2023-04-13
TXN_9874588,Sandwich,2.0,4.0,8.0,Unknown,Takeaway,2023-06-04
TXN_6732989,Salad,2.0,5.0,10.0,Credit Card,Unknown,2023-04-29
TXN_5442610,Juice,2.0,3.0,6.0,Unknown,Takeaway,2023-12-10
TXN_2155368,,2.0,1.0,2.0,Digital Wallet,Takeaway,2023-02-06
TXN_5236892,,1.0,3.0,3.0,Digital Wallet,Takeaway,2023-03-09
TXN_9328595,Tea,2.0,1.5,3.0,Cash,Unknown,2023-10-24
TXN_6148397,Tea,4.0,1.5,6.0,Unknown,In-Store,2023-03-20
TXN_8298711,Coffee,3.0,2.0,6.0,Unknown,Takeaway,2023-01-26
TXN_7085875,Juice,3.0,3.0,9.0,Digital Wallet,In-Store,2023-08-23
TXN_3857768,Coffee,2.0,2.0,4.0,Credit Card,Unknown,2023-01-04
TXN_5474440,Cake,2.0,3.0,6.0,Credit Card,Unknown,2023-11-08
TXN_6057379,Salad,5.0,5.0,25.0,Credit Card,Takeaway,2023-03-18
TXN_4637070,Tea,3.0,1.5,4.5,Credit Card,Unknown,2023-06-13
TXN_9313535,Cookie,1.0,1.0,1.0,Digital Wallet,Takeaway,2023-06-04
TXN_8161873,,1.0,1.5,1.5,Digital Wallet,Unknown,2023-02-08
TXN_9626053,Salad,1.0,5.0,5.0,Cash,Takeaway,2023-08-11
TXN_7026504,,5.0,4.0,20.0,Unknown,Unknown,2023-03-29
TXN_6622954,Smoothie,2.0,4.0,8.0,Unknown,In-Store,2023-01-13
TXN_5509088,Sandwich,3.0,4.0,12.0,Digital Wallet,Unknown,2023-08-28
TXN_5583534,Cookie,2.0,1.0,2.0,Cash,Takeaway,2023-10-31
TXN_1438257,Salad,4.0,5.0,20.0,Credit Card,Takeaway,2023-06-13
TXN_4257830,Cookie,5.0,1.0,5.0,Unknown,In-Store,2023-08-04
TXN_8780340,Cake,5.0,3.0,15.0,Credit Card,Unknown,2023-08-29
TXN_5801294,Salad,1.0,5.0,5.0,Unknown,Unknown,2023-10-20
TXN_4315988,,2.0,5.0,10.0,Cash,Takeaway,2023-04-12
TXN_3963927,Sandwich,4.0,4.0,16.0,Credit Card,In-Store,2023-01-03
TXN_2906443,Cake,4.0,3.0,12.0,Unknown,Unknown,2023-08-14
TXN_2660295,Cookie,3.0,1.0,3.0,Unknown,Unknown,2023-12-06
TXN_7023528,Tea,5.0,1.5,7.5,Cash,In-Store,2023-10-28
TXN_5419862,Juice,5.0,3.0,15.0,Digital Wallet,Unknown,2023-05-29
TXN_9124680,Cookie,2.0,1.0,2.0,Cash,Takeaway,2023-10-03
TXN_7853635,Salad,3.0,5.0,15.0,Digital Wallet,Takeaway,2023-02-16
TXN_2009893,Smoothie,3.0,4.0,12.0,Unknown,Unknown,2023-12-06
TXN_3516263,Cake,2.0,3.0,6.0,Digital Wallet,In-Store,2023-09-23
TXN_1591640,Cake,2.0,3.0,6.0,Cash,In-Store,2023-05-26
TXN_9358958,Smoothie,1.0,4.0,4.0,Unknown,Takeaway,2023-05-08
TXN_7401710,Sandwich,5.0,4.0,20.0,Cash,Unknown,2023-10-24
TXN_2176727,Tea,1.0,1.5,1.5,Unknown,Takeaway,2023-07-26
TXN_5595717,Juice,2.0,3.0,6.0,Unknown,Unknown,2023-06-16
TXN_1697018,Juice,4.0,3.0,12.0,Digital Wallet,In-Store,2023-07-02
TXN_1910957,Tea,5.0,1.5,7.5,Unknown,Takeaway,2023-07-25
TXN_2667225,Salad,2.0,5.0,10.0,Cash,In-Store,2023-11-21
TXN_3152531,Coffee,3.0,2.0,6.0,Credit Card,Unknown,2023-11-24
TXN_5033045,Salad,3.0,5.0,15.0,Digital Wallet,Unknown,2023-04-21
TXN_7527249,Tea,3.0,1.5,4.5,Unknown,Takeaway,2023-03-29
TXN_9159212,Smoothie,3.0,4.0,12.0,Digital Wallet,Takeaway,2023-01-12
TXN_6881523,Juice,5.0,3.0,15.0,Unknown,Takeaway,2023-02-24
TXN_3282436,Salad,5.0,5.0,25.0,Credit Card,In-Store,2023-12-14
TXN_4206256,Smoothie,3.0,4.0,12.0,Unknown,Unknown,2023-10-10
TXN_8465274,Cake,3.0,3.0,9.0,Digital Wallet,Takeaway,2023-02-01
TXN_7216922,Juice,5.0,3.0,15.0,Unknown,Unknown,2023-06-26
TXN_8330446,Smoothie,3.0,4.0,12.0,Credit Card,In-Store,2023-08-06
TXN_1282260,Sandwich,5.0,4.0,20.0,Digital Wallet,Unknown,2023-07-21
TXN_9769410,Salad,1.0,5.0,5.0,Cash,In-Store,2023-07-22
TXN_3865224,Coffee,3.0,2.0,6.0,Unknown,Unknown,2023-07-25
TXN_9603131,Smoothie,5.0,4.0,20.0,Unknown,Unknown,2023-08-19
TXN_1437083,Smoothie,2.0,4.0,8.0,Credit Card,In-Store,2023-03-15
TXN_2955040,,5.0,3.0,15.0,Unknown,Unknown,2023-03-21
TXN_2413626,Cake,1.0,3.0,3.0,Credit Card,Takeaway,2023-11-06
TXN_3392848,Cake,2.0,3.0,6.0,Cash,In-Store,2023-04-03
TXN_7027905,Sandwich,1.0,4.0,4.0,Credit Card,In-Store,2023-07-17
TXN_8808034,Smoothie,2.0,4.0,8.0,Cash,In-Store,2023-08-09
TXN_1663113,Smoothie,4.0,4.0,16.0,Credit Card,Takeaway,2023-12-24
TXN_1544070,Coffee,5.0,2.0,10.0,Unknown,Takeaway,2023-09-05
TXN_6189334,Sandwich,1.0,4.0,4.0,Cash,In-Store,2023-01-12
TXN_3410971,Smoothie,1.0,4.0,4.0,Unknown,Takeaway,2023-01-02
TXN_6467618,Tea,3.0,1.5,4.5,Unknown,Takeaway,2023-10-12
TXN_6908287,Cookie,1.0,1.0,1.0,Cash,In-Store,2023-08-04
TXN_1803889,Salad,4.0,5.0,20.0,Unknown,Unknown,2023-06-23
TXN_6829707,Sandwich,1.0,4.0,4.0,Cash,Takeaway,2023-08-17
TXN_7303706,Coffee,2.0,2.0,4.0,Cash,In-Store,2023-12-14
TXN_1730647,Juice,5.0,3.0,15.0,Digital Wallet,In-Store,2023-01-18
TXN_9691018,Sandwich,2.0,4.0,8.0,Digital Wallet,Unknown,2023-07-21
TXN_2367947,Smoothie,5.0,4.0,20.0,Unknown,Takeaway,2023-05-13
TXN_4936135,Coffee,4.0,2.0,8.0,Cash,In-Store,2023-12-08
TXN_5311015,Smoothie,3.0,4.0,12.0,Unknown,Unknown,2023-05-11
TXN_8703212,,2.0,2.0,4.0,Credit Card,Takeaway,2023-04-17
TXN_7732920,Sandwich,5.0,4.0,20.0,Cash,Unknown,2023-02-11
TXN_4496665,Sandwich,2.0,4.0,8.0,Digital Wallet,Takeaway,2023-12-10
TXN_5041555,,4.0,1.5,6.0,Digital Wallet,Unknown,2023-08-26
TXN_6816094,Tea,4.0,1.5,6.0,Unknown,In-Store,2023-12-30
TXN_8209794,Coffee,5.0,2.0,10.0,Credit Card,Takeaway,2023-10-25
TXN_4135454,Sandwich,4.0,4.0,16.0,Unknown,In-Store,2023-07-23
TXN_2761542,Cookie,4.0,1.0,4.0,Unknown,Unknown,2023-10-15
TXN_3330687,Cake,5.0,3.0,15.0,Cash,In-Store,2023-12-26
TXN_9822317,,3.0,1.5,4.5,Cash,In-Store,2023-09-25
TXN_6243479,Sandwich,5.0,4.0,20.0,Unknown,Unknown,2023-09-18
TXN_9296807,Coffee,3.0,2.0,6.0,Credit Card,Unknown,2023-12-20
TXN_5354746,Coffee,4.0,2.0,8.0,Digital Wallet,Takeaway,2023-03-06
TXN_1235969,Cookie,1.0,1.0,1.0,Digital Wallet,Unknown,2023-07-08
TXN_4240796,Juice,4.0,3.0,12.0,Unknown,Unknown,2023-03-28
TXN_3736798,Coffee,4.0,2.0,8.0,Digital Wallet,In-Store,2023-07-01
TXN_8118419,Cake,3.0,3.0,9.0,Unknown,Unknown,2023-12-03
TXN_3089814,Cake,5.0,3.0,15.0,Digital Wallet,Unknown,2023-03-25
TXN_6719521,Salad,5.0,5.0,25.0,Cash,In-Store,2023-08-03
TXN_6530795,Cookie,1.0,1.0,1.0,Credit Card,Unknown,2023-04-30
TXN_4176373,Cookie,3.0,1.0,3.0,Cash,Unknown,2023-03-28
TXN_7230500,Juice,3.0,3.0,9.0,Credit Card,Unknown,2023-12-12
TXN_7094898,Salad,4.0,5.0,20.0,Unknown,Takeaway,2023-06-20
TXN_2400518,Juice,3.0,3.0,9.0,Credit Card,Unknown,2023-02-04
TXN_5349288,Coffee,4.0,2.0,8.0,Digital Wallet,Unknown,2023-11-20
TXN_6806290,Salad,3.0,5.0,15.0,Unknown,Unknown,2023-05-02
TXN_5386752,Salad,4.0,5.0,20.0,Digital Wallet,In-Store,2023-12-07
TXN_1022523,Salad,4.0,5.0,20.0,Cash,In-Store,2023-11-25
TXN_3125997,Juice,4.0,3.0,12.0,Unknown,Unknown,2023-10-19
TXN_6202015,Cookie,2.0,1.0,2.0,Credit Card,Takeaway,2023-08-22
TXN_6928137,Cake,3.0,3.0,9.0,Digital Wallet,In-Store,2023-10-11
TXN_3003809,Coffee,4.0,2.0,8.0,Cash,Unknown,2023-04-21
TXN_5913013,Cookie,2.0,1.0,2.0,Credit Card,Takeaway,2023-11-29
TXN_7433269,Tea,1.0,1.5,1.5,Cash,In-Store,2023-05-18
TXN_3103972,Cake,1.0,3.0,3.0,Unknown,Unknown,2023-03-01
